{"cameraMode":{"drawMode":0,"name":"Shaded","section":"Shading Mode"},"sceneLighting":true,"audioPlay":false,"sceneViewState":{"showFog":true,"showMaterialUpdate":false,"showSkybox":true,"showFlares":true,"showImageEffects":true,"showParticleSystems":true},"in2DMode":false,"pivot":{"x":3.591840982437134,"y":3.107375144958496,"z":-2.0249438285827638},"rotation":{"x":-0.3106030225753784,"y":0.5848321318626404,"z":-0.2582358717918396,"w":-0.7034289240837097},"size":23.62375259399414,"orthographic":false}